month,traffic_volume
1,4495.61372745491
2,4711.198394495413
3,4889.409560021727
4,4906.894305019305
5,4911.121609403255
6,4898.019566367002
7,4595.03574432296
8,4928.302035152637
9,4870.783145464305
10,4921.234922458358
11,4704.094318808605
12,4374.834565619223
